time,Angle_Thigh,Angle_Calf,Presure_Front,Presure_Middle,Presure_Back,Angle_Thigh_D,Angle_Calf_D,Presure_Front_D,Presure_Middle_D,Presure_Back_D,label
0,4,2,38,37,403,-52.6301,0,-368.411,-210.52,157.8903,"1,0,0"
0.01900053,3,2,31,33,406,-52.63011017,0,-368.4107712,-210.5204407,157.8903305,"1,0,0"
0.037941694,4,2,29,31,409,26.35622946,0,-52.71245892,-52.71245892,79.06868838,"1,0,0"
0.061925888,4,2,29,29,413,0,0,0,-32.29667047,64.59334093,"1,0,0"
0.085908651,4,2,44,31,415,0,0,174.604068,23.2805424,23.2805424,"1,0,0"
0.101898909,4,2,53,29,416,0,0,88.32283017,-19.62729559,9.813647797,"1,0,0"
0.12588501,4,2,63,30,417,0,0,79.43757576,7.943757576,7.943757576,"1,0,0"
0.149940252,4,2,63,30,419,0,0,0,0,13.33864636,"1,0,0"
0.173851967,4,2,63,31,419,0,0,0,5.752020055,0,"1,0,0"
0.189879656,4,2,62,32,419,0,0,-5.266493641,5.266493641,0,"1,0,0"
0.213859558,4,2,62,31,419,0,0,0,-4.675965895,0,"1,0,0"
0.229850054,4,2,63,33,419,0,0,4.350662458,8.701324916,0,"1,0,0"
0.253799677,4,2,63,32,419,0,0,0,-3.940115339,0,"1,0,0"
0.277780771,4,2,65,33,420,0,0,7.19992241,3.599961205,3.599961205,"1,0,0"
0.341186762,4,3,65,40,414,0,2.930946074,0,20.51662251,-17.58567644,"1,0,0"
0.36108613,4,3,65,41,413,0,0,0,2.769422353,-2.769422353,"1,0,0"
0.38506937,4,3,67,41,411,0,0,5.19386935,0,-5.19386935,"1,0,0"
0.401095867,3,3,73,43,408,-2.493169543,0,14.95901726,4.986339087,-7.47950863,"1,0,0"
0.425043344,3,3,74,45,406,0,0,2.352701231,4.705402463,-4.705402463,"1,0,0"
0.450104952,3,3,66,48,405,0,0,-17.7736325,6.665112187,-2.221704062,"1,0,0"
0.466138124,3,3,86,55,402,0,0,42.90573748,15.01700812,-6.435860623,"1,0,0"
0.490120411,3,3,91,54,400,0,0,10.20157473,-2.040314947,-4.080629893,"1,0,0"
0.514105558,3,3,102,60,395,0,0,21.39638411,11.67075497,-9.72562914,"1,0,0"
0.536808252,3,3,102,82,385,0,0,0,40.98297652,-18.62862569,"1,0,0"
0.555199146,3,3,109,86,368,0,0,12.60808855,7.20462203,-30.61964363,"1,0,0"
0.619152308,4,2,121,97,355,1.61511148,-1.61511148,19.38133777,17.76622628,-20.99644925,"1,0,0"
0.660670996,4,2,117,101,353,0,0,-6.054450742,6.054450742,-3.027225371,"1,0,0"
0.684652805,4,2,121,104,351,0,0,5.842377288,4.381782966,-2.921188644,"1,0,0"
0.7006464,4,2,122,104,351,0,0,1.427253461,0,0,"1,0,0"
0.724627018,4,2,122,104,353,0,0,0,0,2.760040615,"1,0,0"
0.748573303,4,2,120,102,356,0,0,-2.671749034,-2.671749034,4.007623551,"1,0,0"
0.772563219,3,2,119,102,359,-1.294392453,0,-1.294392453,0,3.883177358,"1,0,0"
0.805728912,3,2,112,98,365,0,0,-8.687785548,-4.964448884,7.446673326,"1,0,0"
0.829672575,3,2,105,97,372,0,0,-8.43706326,-1.205294751,8.43706326,"1,0,0"
0.853653431,4,2,105,91,374,1.171435578,0,0,-7.028613466,2.342871155,"1,0,0"
0.87767601,4,2,105,94,383,0,0,0,3.418117808,10.25435342,"1,0,0"
0.893671751,4,2,102,95,383,0,0,-3.356937261,1.118979087,0,"1,0,0"
0.933599949,3,2,101,97,386,-1.071122595,0,-1.071122595,2.14224519,3.213367785,"1,0,0"
0.957623482,3,2,100,97,388,0,0,-1.044251753,0,2.088503507,"1,0,0"
0.981568575,3,2,102,96,388,0,0,2.037555043,-1.018777522,0,"1,0,0"
1.002698421,3,2,98,95,390,0,0,-3.989235362,-0.99730884,1.994617681,"1,0,0"
1.018649578,3,2,101,95,390,0,0,2.945075583,0,0,"1,0,0"
1.042633295,3,2,96,94,391,0,0,-4.795549906,-0.959109981,0.959109981,"1,0,0"
1.066614151,3,2,95,88,391,0,0,-0.937546159,-5.625276952,0,"1,0,0"
1.127338648,3,2,113,83,392,0,0,15.96680823,-4.435224508,0.887044902,"1,0,0"
1.151362419,3,2,104,83,393,0,0,-7.816826266,0,0.868536252,"1,0,0"
1.17534399,3,2,106,73,392,0,0,1.701629494,-8.508147472,-0.850814747,"1,0,0"
1.191336632,3,2,104,69,393,0,0,-1.678786622,-3.357573244,0.839393311,"1,0,0"
1.215314388,3,2,107,69,395,0,0,2.468497065,0,1.64566471,"1,0,0"
1.236233473,3,2,100,79,395,0,0,-5.662360835,8.089086908,0,"1,0,0"
1.284199238,3,2,100,69,398,0,0,0,-7.786953695,2.336086108,"1,0,0"
1.303504229,3,2,85,66,399,0,0,-11.50744253,-2.301488506,0.767162835,"1,0,0"
1.319493771,3,2,83,60,400,0,0,-1.515732809,-4.547198428,0.757866405,"1,0,0"
1.343479156,3,2,90,54,401,0,0,5.210352514,-4.46601644,0.744336073,"1,0,0"
1.367460489,3,2,61,53,403,0,0,-21.20719409,-0.731282555,1.462565109,"1,0,0"
1.383449554,3,2,41,52,404,0,0,-14.45661675,-0.722830837,0.722830837,"1,0,0"
1.447406769,4,2,34,45,406,0.690890786,0,-4.836235501,-4.836235501,1.381781572,"1,0,0"
1.470185041,4,2,33,45,407,0,0,-0.680186488,0,0.680186488,"1,0,0"
1.494171858,4,2,28,41,407,0,0,-3.346335278,-2.677068223,0,"1,0,0"
1.510158062,4,2,27,39,408,0,0,-0.66218234,-1.324364681,0.66218234,"1,0,0"
1.53418231,4,2,29,39,410,0,0,1.303626034,0,1.303626034,"1,0,0"
1.558126211,4,2,30,37,412,0,0,0.641796533,-1.283593066,1.283593066,"1,0,0"
1.623494625,4,2,27,38,414,0,0,-1.84786568,0.615955227,1.231910454,"1,0,0"
1.637097359,4,2,28,39,414,0,0,0.61083722,0.61083722,0,"1,0,0"
1.661122084,4,2,29,41,415,0,0,0.602002712,1.204005425,0.602002712,"1,0,0"
1.685061693,4,2,34,39,415,0,0,2.96725041,-1.186900164,0,"1,0,0"
1.709090471,4,1,32,41,415,0,-0.585106533,-1.170213066,1.170213066,0,"1,0,0"
1.725075006,4,1,31,41,415,0,0,-0.579684939,0,0,"1,0,0"
1.749056101,4,1,33,41,416,0,0,1.143473899,0,0.57173695,"1,0,0"
1.773005486,4,1,28,43,417,0,0,-2.820070237,1.128028095,0.564014047,"1,0,0"
1.789023399,4,1,29,44,418,0,0,0.558964181,0.558964181,0.558964181,"1,0,0"
1.813011169,4,1,28,46,419,0,0,-0.551568582,1.103137164,0.551568582,"1,0,0"
1.836960316,4,1,26,49,420,0,0,-1.088755148,1.633132722,0.544377574,"1,0,0"
1.852990866,4,2,28,49,421,0,0.539668068,1.079336135,0,0.539668068,"1,0,0"
1.900915384,4,2,27,51,423,0,0,-0.526062343,1.052124685,1.052124685,"1,0,0"
1.920414448,4,2,27,48,425,0,0,0,-1.562162794,1.041441863,"1,0,0"
1.936444044,4,2,26,46,426,0,0,-0.516410481,-1.032820962,0.516410481,"1,0,0"
1.960390329,4,2,21,47,427,0,0,-2.55051248,0.510102496,0.510102496,"1,0,0"
1.984408379,4,2,23,46,427,0,0,1.007857063,-0.503928531,0,"1,0,0"
2.008354902,4,2,22,44,428,0,0,-0.497919964,-0.995839927,0.497919964,"1,0,0"
2.024356842,4,2,24,44,428,0,0,0.987968108,0,0,"1,0,0"
2.04833293,4,2,22,42,429,0,0,-0.976403773,-0.976403773,0.488201886,"1,0,0"
2.088345766,4,2,22,41,430,0,0,0,-0.478847907,0.478847907,"1,0,0"
2.112328291,4,2,22,39,431,0,0,0,-0.946822522,0.473411261,"1,0,0"
2.128489733,4,2,21,38,432,0,0,-0.46981669,-0.46981669,0.46981669,"1,0,0"
2.152468681,4,2,23,38,432,0,0,0.929165668,0,0,"1,0,0"
2.176458836,4,2,19,37,432,0,0,-1.837847762,-0.45946194,0,"1,0,0"
2.200439453,4,2,19,30,432,0,0,0,-3.181182736,0,"1,0,0"
2.216438293,4,2,19,30,432,0,0,0,0,0,"1,0,0"
2.24037385,5,2,16,28,433,0.446354076,0,-1.339062228,-0.892708152,0.446354076,"1,0,0"
2.25636363,5,2,15,27,433,0,0,-0.443190976,-0.443190976,0,"1,0,0"
2.280347586,5,2,15,25,433,0,0,0,-0.877059275,0,"1,0,0"
2.304330587,5,2,14,25,433,0,0,-0.433965511,0,0,"1,0,0"
2.328314543,5,2,14,24,433,0,0,0,-0.429495234,0,"1,0,0"
2.344336748,5,2,10,24,434,0,0,-1.706239517,0,0.426559879,"1,0,0"
2.36832428,5,2,12,26,434,0,0,0.84447895,0.84447895,0,"1,0,0"
2.408259153,5,2,8,24,434,0,0,-1.660950814,-0.830475407,0,"1,0,0"
2.432277918,5,2,11,23,434,0,0,1.233411683,-0.411137228,0,"1,0,0"
2.448272228,5,2,8,22,435,0,0,-1.225353931,-0.40845131,0.40845131,"1,0,0"
2.472253799,5,2,8,21,435,0,0,0,-0.404489216,0,"1,0,0"
2.496199846,5,2,28,17,435,0,0,8.012179005,-1.602435801,0,"1,0,0"
2.520618677,5,2,29,17,436,0,0,0.396727997,0,0.396727997,"1,0,0"
2.544640779,5,2,26,16,437,0,0,-1.178948331,-0.392982777,0.392982777,"1,0,0"
2.560630798,5,2,25,16,438,0,0,-0.390528772,0,0.390528772,"1,0,0"
2.584617138,5,2,29,16,438,0,0,1.547617998,0,0,"1,0,0"
2.600606441,5,2,34,18,438,0,0,1.922628476,0.769051391,0,"1,0,0"
2.627008438,5,2,21,17,440,0,0,-4.948594687,-0.38066113,0.76132226,"1,0,0"
2.647554159,5,2,21,17,440,0,0,0,0,0,"1,0,0"
2.730302334,5,2,13,19,443,0,0,-2.930078439,0.73251961,1.098779415,"1,0,0"
2.748659372,5,2,14,18,443,0,0,0.363813723,-0.363813723,0,"1,0,0"
2.772600889,5,2,11,19,444,0,0,-1.082016532,0.360672177,0.360672177,"1,0,0"
2.792966366,5,2,16,19,444,0,0,1.790211318,0,0,"1,0,0"
2.812165499,5,2,15,19,444,0,0,-0.355597848,0,0,"1,0,0"
2.836177588,5,2,13,19,444,0,0,-0.70517446,0,0,"1,0,0"
2.86252141,5,2,14,19,445,0,0,0.349342365,0,0.349342365,"1,0,0"
2.880657673,5,2,14,20,444,0,0,0,0.347142949,-0.347142949,"1,0,0"
2.901706219,5,2,13,20,445,0,0,-0.344624826,0,0.344624826,"1,0,0"
2.921929359,5,2,15,20,444,0,0,0.684479244,0,-0.342239622,"1,0,0"
2.945869446,5,2,14,21,445,0,0,-0.339458356,0.339458356,0.339458356,"1,0,0"
2.970118761,5,2,15,21,445,0,0,0.336686874,0,0,"1,0,0"
2.986069202,5,2,15,21,445,0,0,0,0,0,"1,0,0"
3.036456585,5,2,17,21,444,0,0,0.658662472,0,-0.329331236,"1,0,0"
3.054611921,5,2,14,21,444,0,0,-0.982121486,0,0,"1,0,0"
3.073378325,5,2,19,20,444,0,0,1.626874232,-0.325374846,0,"1,0,0"
3.091386557,5,2,22,21,444,0,0,0.970438328,0.323479443,0,"1,0,0"
3.117342472,5,2,19,24,443,0,0,-0.962358171,0.962358171,-0.320786057,"1,0,0"
3.137788534,5,2,15,25,443,0,0,-1.274783165,0.318695791,0,"1,0,0"
3.161759853,5,2,22,24,441,0,0,2.213956886,-0.316279555,-0.63255911,"1,0,0"
3.180116892,5,2,20,24,441,0,0,-0.6289077,0,0,"1,0,0"
3.204237938,5,2,20,23,441,0,0,0,-0.312086686,0,"1,0,0"
3.228224754,5,2,18,25,441,0,0,-0.61953555,0.61953555,0,"1,0,0"
3.246443748,5,2,20,25,441,0,0,0.616058726,0,0,"1,0,0"
3.27055192,5,2,21,25,437,0,0,0.305758791,0,-1.223035163,"1,0,0"
3.286551237,5,2,21,24,438,0,0,0,-0.304270321,0.304270321,"1,0,0"
3.309245586,4,2,23,24,437,-0.302183677,0,0.604367354,0,-0.302183677,"1,0,0"
3.329065323,4,2,21,24,436,0,0,-0.600769227,0,-0.300384613,"1,0,0"
3.352133989,4,2,22,24,436,0,0,0.298317431,0,0,"1,0,0"
3.376138449,4,2,23,25,435,0,0,0.296196384,0.296196384,-0.296196384,"1,0,0"
3.396813631,4,2,25,26,435,0,0,0.588787086,0.294393543,0,"1,0,0"
3.422199965,4,2,24,26,437,0,0,-0.292209693,0,0.584419385,"1,0,0"
3.44015193,4,2,25,26,435,0,0,0.290684836,0,-0.581369672,"1,0,0"
3.463067293,4,2,21,26,435,0,0,-1.155045415,0,0,"1,0,0"
3.483406544,4,1,23,26,432,0,-0.287075306,0.574150612,0,-0.861225918,"1,0,0"
3.504552841,4,1,23,30,432,0,0,0,1.141372432,0,"1,0,0"
3.522746563,4,1,23,31,431,0,0,0,0.283869413,-0.283869413,"1,0,0"
3.546711683,4,1,23,30,430,0,0,0,-0.281951309,-0.281951309,"1,0,0"
3.61254549,4,1,22,30,427,0,0,-0.276813123,0,-0.83043937,"1,0,0"
3.654728413,4,1,23,31,424,0,0,0.273618143,0.273618143,-0.820854428,"1,0,0"
3.674800158,4,1,23,33,422,0,0,0,0.544247283,-0.544247283,"1,0,0"
3.693098783,4,1,26,35,422,0,0,0.812325956,0.541550637,0,"1,0,0"
3.720911026,4,1,27,35,421,0,0,0.268751387,0,-0.268751387,"1,0,0"
3.737294436,4,1,27,36,420,0,0,0,0.267573245,-0.267573245,"1,0,0"
3.781572342,4,1,27,38,418,0,0,0,0.528880534,-0.528880534,"1,0,0"
3.7996521,4,1,28,39,415,0,0,0.26318199,0.26318199,-0.789545969,"1,0,0"
3.823953867,4,1,28,39,413,0,0,0,0,-0.523018862,"1,0,0"
3.848074675,4,1,31,41,413,0,0,0.77961065,0.519740434,0,"1,0,0"
3.868220091,4,1,33,42,410,0,0,0.517033662,0.258516831,-0.775550493,"1,0,0"
3.889043093,4,1,31,44,408,0,0,-0.514265322,0.514265322,-0.514265322,"1,0,0"
3.953239202,4,1,33,46,402,0,0,0.505914238,0.505914238,-1.517742715,"1,0,0"
3.969660521,4,1,35,48,399,0,0,0.50382142,0.50382142,-0.75573213,"1,0,0"
3.993647337,4,1,38,51,397,0,0,0.751193019,0.751193019,-0.500795346,"1,0,0"
4.012478828,4,1,36,56,395,0,0,-0.498444998,1.246112494,-0.498444998,"1,0,0"
4.036452532,4,1,36,59,393,0,0,0,0.743226875,-0.495484583,"1,0,0"
4.060435772,3,1,38,60,388,-0.246278985,0,0.49255797,0.246278985,-1.231394924,"1,0,0"
4.100409031,3,1,46,66,374,0,0,1.951024871,1.463268653,-3.414293524,"1,0,0"
4.121253014,3,1,47,74,371,0,0,0.242644651,1.94115721,-0.727933954,"1,0,0"
4.161279917,3,1,50,77,370,0,0,0.720932035,0.720932035,-0.240310678,"1,0,0"
4.18797493,3,1,52,77,370,0,0,0.477557778,0,0,"1,0,0"
4.204003334,3,1,55,78,370,0,0,0.713605524,0.237868508,0,"1,0,0"
4.227946997,3,1,59,79,370,0,0,0.946085654,0.236521414,0,"1,0,0"
4.251930237,3,1,58,79,369,0,0,-0.235187302,0,-0.235187302,"1,0,0"
4.26791954,3,1,60,78,369,0,0,0.468612396,-0.234306198,0,"1,0,0"
4.29193902,3,1,62,74,369,0,0,0.465989845,-0.931979691,0,"1,0,0"
4.315928221,3,0,64,74,370,0,-0.231699868,0.463399736,0,0.231699868,"1,0,0"
4.338264227,3,0,63,74,370,0,0,-0.230506937,0,0,"1,0,0"
4.354251385,3,0,62,74,370,0,0,-0.229660603,0,0,"1,0,0"
4.378235817,3,0,60,75,371,0,0,-0.456804997,0.228402499,0.228402499,"1,0,0"
4.402274847,3,1,60,75,371,0,0.227155286,0,0,0,"1,0,0"
4.418257952,3,0,61,76,372,0,-0.226333548,0.226333548,0.226333548,0.226333548,"1,0,0"
4.44224143,3,0,62,76,372,0,0,0.225111583,0,0,"1,0,0"
4.466176748,3,0,62,81,370,0,0,0,1.119525778,-0.447810311,"1,0,0"
4.490172148,3,0,63,77,370,0,0,0.222708611,-0.890834442,0,"1,0,0"
4.506152391,3,0,64,77,370,0,0,0.221918815,0,0,"1,0,0"
4.546161652,3,0,67,86,371,0,0,0.659897344,1.979692032,0.219965781,"1,0,0"
4.570140362,3,0,68,87,371,0,0,0.21881166,0.21881166,0,"1,0,0"
4.594127417,3,0,69,85,371,0,0,0.217669191,-0.435338383,0,"1,0,0"
4.618115425,3,0,69,87,370,0,0,0,0.433077092,-0.216538546,"1,0,0"
4.634105444,3,0,69,88,371,0,0,0,0.215791378,0.215791378,"1,0,0"
4.662781,3,0,70,81,371,0,0,0.214464286,-1.501250005,0,"1,0,0"
4.702753782,3,0,69,81,372,0,0,-0.212641369,0,0.212641369,"1,0,0"
4.71874404,3,0,68,85,371,0,0,-0.211920797,0.84768319,-0.211920797,"1,0,0"
4.742727995,3,0,71,88,371,0,0,0.632547345,0.632547345,0,"1,0,0"
4.766711712,3,0,73,88,371,0,0,0.419576455,0,0,"1,0,0"
4.783893108,3,0,75,90,371,0,0,0.418069542,0.418069542,0,"1,0,0"
4.807842493,3,0,74,90,372,0,0,-0.207993503,0,0.207993503,"1,0,0"
4.870694637,3,0,78,91,370,0,0,0.821238098,0.205309525,-0.410619049,"1,0,0"
4.88718152,3,0,79,91,369,0,0,0.204616914,0,-0.204616914,"1,0,0"
4.911203146,3,0,78,96,369,0,0,-0.203616094,1.018080469,0,"1,0,0"
4.935146093,3,0,78,96,369,0,0,0,0,0,"1,0,0"
4.951180458,3,0,77,97,369,0,0,-0.201972036,0.201972036,0,"1,0,0"
4.976307631,3,0,78,97,369,0,0,0.200952207,0,0,"1,0,0"
5.000294209,3,0,78,97,369,0,0,0,0,0,"1,0,0"
5.016285658,3,0,77,97,370,0,0,-0.199350689,0,0.199350689,"1,0,0"
5.040272474,3,0,78,96,370,0,0,0.198401972,-0.198401972,0,"1,0,0"
5.064216137,3,0,77,96,371,0,0,-0.197463926,0,0.197463926,"1,0,0"
5.088195801,3,0,76,93,371,0,0,-0.196533317,-0.589599952,0,"1,0,0"
5.104180574,3,0,78,94,372,0,0,0.391835667,0.195917834,0.195917834,"1,0,0"
5.12821579,3,0,75,92,372,0,0,-0.584998784,-0.389999189,0,"1,0,0"
5.152148485,3,0,72,92,372,0,0,-0.582281355,0,0,"1,0,0"
5.168137789,3,0,71,91,373,0,0,-0.193493293,-0.193493293,0.193493293,"1,0,0"
5.192121267,3,0,65,90,374,0,0,-1.155597046,-0.192599508,0.192599508,"1,0,0"
5.208113432,3,0,58,89,384,0,0,-1.344056748,-0.192008107,1.920081068,"1,0,0"
5.238317013,3,0,47,84,385,0,0,-2.099911092,-0.954505042,0.190901008,"1,0,0"
5.254347086,3,0,47,85,387,0,0,0,0.190318604,0.380637207,"1,0,0"
5.278333187,3,0,43,79,387,0,0,-0.757814988,-1.136722482,0,"1,0,0"
5.294317722,3,0,45,83,389,0,0,0.377763501,0.755527003,0.377763501,"1,0,0"
5.326259136,3,0,43,85,391,0,0,-0.375498065,0.375498065,0.375498065,"1,0,0"
5.342249632,3,0,44,81,391,0,0,0.18718706,-0.748748238,0,"1,0,0"
5.382264853,3,0,47,81,392,0,0,0.557386171,0,0.18579539,"1,0,0"
5.405105829,3,0,43,80,392,0,0,-0.740041014,-0.185010254,0,"1,0,0"
5.469106913,3,0,43,86,392,0,0,0,1.097071258,0,"1,0,0"
5.493091106,3,0,44,87,393,0,0,0.182046862,0.182046862,0.182046862,"1,0,0"
5.509082556,3,0,42,87,393,0,0,-0.363036854,0,0,"1,0,0"
5.53302002,3,0,43,85,393,0,0,0.180733125,-0.36146625,0,"1,0,0"
5.557003736,3,0,45,86,392,0,0,0.359906182,0.179953091,-0.179953091,"1,0,0"
5.572993517,3,0,46,86,393,0,0,0.179436778,0,0.179436778,"1,0,0"
5.620395899,3,0,42,85,391,0,0,-0.711693637,-0.177923409,-0.355846819,"1,0,0"
5.644379377,3,0,43,85,390,0,0,0.177167397,0,-0.177167397,"1,0,0"
5.660369635,3,0,45,85,390,0,0,0.353333815,0,0,"1,0,0"
5.679866791,3,0,44,85,389,0,0,-0.176060467,0,-0.176060467,"1,0,0"
5.703814268,3,0,44,84,389,0,0,0,-0.175321277,0,"1,0,0"
5.727807522,3,0,45,84,389,0,0,0.174586872,0,0,"1,0,0"
5.751816511,3,0,52,84,388,0,0,1.217006834,0,-0.173858119,"1,0,0"
5.772503138,3,0,51,91,386,0,0,-0.173235073,1.212645508,-0.346470145,"1,0,0"
5.790570498,3,0,57,89,376,0,0,1.036167335,-0.345389112,-1.726945558,"1,0,0"
5.814587355,3,0,63,97,374,0,0,1.031887498,1.375849998,-0.343962499,"1,0,0"
5.838536024,3,0,74,96,371,0,0,1.884033935,-0.171275812,-0.513827437,"1,0,0"
5.854529381,3,0,80,101,370,0,0,1.024847534,0.854039612,-0.170807922,"1,0,0"
5.878550529,3,0,80,102,368,0,0,0,0.170109961,-0.340219922,"1,0,0"
5.902532578,3,0,80,105,368,0,0,0,0.508256407,0,"1,0,0"
5.918525219,3,0,77,105,368,0,0,-0.506883031,0,0,"1,0,0"
5.942465544,3,0,76,107,368,0,0,-0.168280319,0.336560639,0,"1,0,0"
5.958456993,3,0,78,107,368,0,0,0.335657369,0,0,"1,0,0"
5.982477903,3,0,76,108,368,0,0,-0.334309634,0.167154817,0,"1,0,0"
6.00642395,3,0,77,107,368,0,0,0.166488414,-0.166488414,0,"1,0,0"
6.070379496,3,0,79,109,369,0,0,0.329468693,0.329468693,0.164734347,"1,0,0"
6.088614941,3,0,81,110,369,0,0,0.328481932,0.164240966,0,"1,0,0"
6.112599373,3,0,80,110,370,0,0,-0.163596522,0,0.163596522,"1,0,0"
6.13662219,3,0,78,110,371,0,0,-0.325912194,0,0.162956097,"1,0,0"
6.176599264,3,0,77,111,372,0,0,-0.161901389,0.161901389,0.161901389,"1,0,0"
6.200577974,3,0,75,111,371,0,0,-0.322550576,0,-0.161275288,"1,0,0"
6.216571331,3,0,73,111,370,0,0,-0.321720751,0,-0.160860376,"1,0,0"
6.240513086,3,0,77,111,370,0,0,0.640972937,0,0,"1,0,0"
6.264496565,3,0,78,114,370,0,0,0.159629747,0.47888924,0,"1,0,0"
6.288748503,3,0,71,111,371,0,0,-1.113099053,-0.477042451,0.15901415,"1,0,0"
6.304776907,3,0,69,116,372,0,0,-0.317219789,0.793049472,0.158609894,"1,0,0"
6.352706432,3,0,63,120,373,0,0,-0.944479343,0.629652896,0.157413224,"1,0,0"
6.372064114,3,0,58,121,373,0,0,-0.784675093,0.156935019,0,"1,0,0"
6.388095617,3,0,63,123,374,0,0,0.78270588,0.313082352,0.156541176,"1,0,0"
6.412065983,3,0,66,127,373,0,0,0.467867924,0.623823899,-0.155955975,"1,0,0"
6.43602252,3,0,70,129,372,0,0,0.621501865,0.310750933,-0.155375466,"1,0,0"
6.460007668,3,0,74,128,371,0,0,0.619194312,-0.154798578,-0.154798578,"1,0,0"
6.500021935,3,0,68,128,371,0,0,-0.923073808,0,0,"1,0,0"
6.52220273,3,0,69,132,370,0,0,0.153322434,0.613289737,-0.153322434,"1,0,0"
6.546226025,3,0,80,137,369,0,0,1.6803575,0.763798864,-0.152759773,"1,0,0"
6.562220097,2,0,94,143,365,-0.152387452,0,2.133424328,0.914324712,-0.609549808,"1,0,0"
6.586161375,2,0,97,150,361,0,0,0.45550053,1.062834571,-0.607334041,"1,0,0"
6.62613225,2,1,132,156,354,0,0.150917604,5.282116125,0.905505621,-1.056423225,"1,0,0"
6.666146517,2,1,137,165,351,0,0,0.750058521,1.350105339,-0.450035113,"1,0,0"
6.688826799,2,1,142,169,349,0,0,0.747515244,0.598012196,-0.299006098,"1,0,0"
6.712848902,2,1,146,170,350,0,0,0.595872194,0.148968048,0.148968048,"1,0,0"
6.728799343,2,1,148,170,350,0,0,0.297229847,0,0,"1,0,0"
6.752786636,2,1,146,171,351,0,0,-0.296174025,0.148087013,0.148087013,"1,0,0"
6.776811361,2,1,146,172,353,0,0,0,0.147562024,0.295124048,"1,0,0"
6.800751448,2,1,142,174,356,0,0,-0.588170297,0.294085149,0.441127723,"1,0,0"
6.824781179,2,1,139,175,358,0,0,-0.439574533,0.146524844,0.293049689,"1,0,0"
6.840726852,2,1,140,176,359,0,0,0.146183296,0.146183296,0.146183296,"1,0,0"
6.864709854,2,1,141,176,361,0,0,0.145672581,0,0.291345161,"1,0,0"
6.880701065,2,1,139,176,363,0,0,-0.290668056,0,0.290668056,"1,0,0"
6.904728889,2,1,139,175,364,0,0,0,-0.144828279,0.144828279,"1,0,0"
6.952649832,2,1,138,175,366,0,0,-0.143830054,0,0.287660108,"1,0,0"
6.972239256,2,1,136,173,367,0,0,-0.286851889,-0.286851889,0.143425944,"1,0,0"
6.988267183,2,1,136,170,370,0,0,0,-0.42929097,0.42929097,"1,0,0"
7.012255907,2,1,134,167,372,0,0,-0.285214919,-0.427822378,0.285214919,"1,0,0"
7.036234617,2,1,132,166,372,0,0,-0.284242938,-0.142121469,0,"1,0,0"
7.052225113,2,1,127,161,372,0,0,-0.708996086,-0.708996086,0,"1,0,0"
7.09654808,2,1,117,162,366,0,0,-1.409135806,0.140913581,-0.845481484,"1,0,0"
7.120576143,2,1,109,160,362,0,0,-1.123504593,-0.280876148,-0.561752296,"1,0,0"
7.160554171,2,1,109,155,358,0,0,0,-0.698269978,-0.558615982,"1,0,0"
7.184537888,2,1,91,154,358,0,0,-2.505380343,-0.139187797,0,"1,0,0"
7.20848012,2,1,90,152,358,0,0,-0.138725499,-0.277450998,0,"1,0,0"
7.271096945,2,1,79,149,359,0,0,-1.512839133,-0.412592491,0.13753083,"1,0,0"
7.289137602,2,1,82,148,358,0,0,0.411571322,-0.137190441,-0.137190441,"1,0,0"
7.313121557,2,1,82,147,356,0,0,0,-0.136740514,-0.273481028,"1,0,0"
7.337104797,2,1,76,145,356,0,0,-0.817761251,-0.272587084,0,"1,0,0"
7.353094816,2,1,78,145,355,0,0,0.271994317,0,-0.135997158,"1,0,0"
7.37707901,2,1,78,145,355,0,0,0,0,0,"1,0,0"
7.417049885,2,1,64,140,352,0,0,-1.88754292,-0.674122472,-0.404473483,"1,0,0"
7.439216375,2,1,67,138,352,0,0,0.403268281,-0.268845521,0,"1,0,0"
7.463202715,2,1,63,137,351,0,0,-0.535962931,-0.133990733,-0.133990733,"1,0,0"
7.479188442,2,1,67,135,349,0,0,0.534817384,-0.267408692,-0.267408692,"1,0,0"
7.503217697,2,1,56,134,348,0,0,-1.466037698,-0.133276154,-0.133276154,"1,0,0"
7.527190447,2,1,51,133,350,0,0,-0.664258469,-0.132851694,0.265703387,"1,0,0"
7.591264486,3,1,38,127,357,0.13173036,0,-1.712494674,-0.790382157,0.922112517,"1,0,0"
7.609372377,3,1,37,125,361,0,0,-0.131416883,-0.262833766,0.525667532,"1,0,0"
7.633313894,3,1,37,122,366,0,0,0,-0.393014101,0.655023502,"1,0,0"
7.657298326,3,1,31,121,369,0,0,-0.78356618,-0.130594363,0.39178309,"1,0,0"
7.673288822,3,1,33,121,370,0,0,0.260644431,0,0.130322216,"1,0,0"
7.697273254,3,1,32,121,370,0,0,-0.129916136,0,0,"1,0,0"
7.721909285,3,1,35,121,370,0,0,0.388504953,0,0,"1,0,0"
7.761882782,3,1,34,116,371,0,0,-0.128834721,-0.644173603,0.128834721,"1,0,0"
7.777909756,3,1,32,113,371,0,0,-0.257138494,-0.385707741,0,"1,0,0"
7.80589056,3,1,34,113,378,0,0,0.256216762,0,0.896758665,"1,0,0"
7.821879625,3,1,37,114,380,0,0,0.383539525,0.127846508,0.255693017,"1,0,0"
7.845899105,3,1,37,114,375,0,0,0,0,-0.637275592,"1,0,0"
7.869847775,3,1,35,114,380,0,0,-0.254134522,0,0.635336304,"1,0,0"
7.893833876,3,1,36,111,382,0,0,0.126681156,-0.380043468,0.253362312,"1,0,0"
7.909856319,3,1,36,112,383,0,0,0,0.126424547,0.126424547,"1,0,0"
7.933806419,3,1,38,113,383,0,0,0.252085808,0.126042904,0,"1,0,0"
7.955317974,3,1,38,113,385,0,0,0,0,0.251404156,"1,0,0"
7.971307278,3,1,38,111,386,0,0,0,-0.250899875,0.125449938,"1,0,0"
7.995331764,3,1,37,109,386,0,0,-0.125072984,-0.250145968,0,"1,0,0"
8.035268068,4,1,36,105,387,0.124451355,0,-0.124451355,-0.497805421,0.124451355,"1,0,0"
8.056027651,4,1,37,106,388,0,0,0.124130656,0.124130656,0.124130656,"1,0,0"
8.080011129,4,1,38,109,388,0,0,0.123762206,0.371286617,0,"1,0,0"
8.103995085,4,1,37,110,388,0,0,-0.123395929,0.123395929,0,"1,0,0"
8.127981901,4,1,36,107,389,0,0,-0.12303177,-0.36909531,0.12303177,"1,0,0"
8.167987108,4,1,34,107,389,0,0,-0.244858369,0,0,"1,0,0"
8.21336937,4,1,36,105,393,0,0,0.243505425,-0.243505425,0.48701085,"1,0,0"
8.229358435,4,1,32,104,395,0,0,-0.486064622,-0.121516156,0.243032311,"1,0,0"
8.253344536,4,1,33,99,397,0,0,0.121163002,-0.60581501,0.242326004,"1,0,0"
8.269331694,4,1,34,90,399,0,0,0.120928757,-1.08835881,0.241857513,"1,0,0"
8.293318033,4,1,31,72,402,0,0,-0.361737002,-2.170422011,0.361737002,"1,0,0"
8.34134531,4,1,30,61,408,0,0,-0.119884738,-1.318732122,0.71930843,"1,0,0"
8.357275724,4,1,28,59,410,0,0,-0.239312435,-0.239312435,0.239312435,"1,0,0"
8.381256342,4,1,27,66,411,0,0,-0.119313855,0.835196982,0.119313855,"1,0,0"
8.405243397,4,1,26,65,413,0,0,-0.118973354,-0.118973354,0.237946708,"1,0,0"
8.421229839,4,1,28,60,414,0,0,0.237495002,-0.593737506,0.118747501,"1,0,0"
8.445214748,4,1,28,58,414,0,0,0,-0.236820502,0,"1,0,0"
8.461205959,4,1,27,58,414,0,0,-0.118186462,0,0,"1,0,0"
8.485186815,4,1,28,58,414,0,0,0.117852444,0,0,"1,0,0"
8.509176016,4,1,28,59,413,0,0,0,0.117520192,-0.117520192,"1,0,0"
8.533157349,4,1,29,59,414,0,0,0.117189917,0,0.117189917,"1,0,0"
8.557146788,4,1,29,58,414,0,0,0,-0.116861382,0,"1,0,0"
8.573130608,4,1,27,58,415,0,0,-0.233287009,0,0.116643505,"1,0,0"
8.597561598,4,1,28,55,415,0,0,0.116312048,-0.348936145,0,"1,0,0"
8.613513947,4,1,27,54,416,0,0,-0.116096637,-0.116096637,0.116096637,"1,0,0"
8.637495279,4,1,27,53,416,0,0,0,-0.115774304,0,"1,0,0"
8.661515474,4,1,27,51,418,0,0,0,-0.230906474,0.230906474,"1,0,0"
8.677524567,4,1,30,53,420,0,0,0.345720715,0.230480477,0.230480477,"1,0,0"
8.701488256,4,1,30,51,421,0,0,0,-0.229845739,0.11492287,"1,0,0"
8.725436687,4,1,29,49,422,0,0,-0.114607444,-0.229214889,0.114607444,"1,0,0"
8.744782209,4,1,26,48,424,0,0,-0.343061717,-0.114353906,0.228707811,"1,0,0"
8.768759966,5,1,26,49,426,0.11404121,0,0,0.11404121,0.228082421,"1,0,0"
8.784752131,4,1,24,47,428,-0.113833605,0,-0.227667209,-0.227667209,0.227667209,"1,0,0"
8.808737516,4,1,21,43,428,0,0,-0.340570938,-0.454094584,0,"1,0,0"
8.832719803,4,1,19,44,430,0,0,-0.226430821,0.113215411,0.226430821,"1,0,0"
8.856701612,4,1,15,41,432,0,0,-0.451635403,-0.338726552,0.225817701,"1,0,0"
8.873826265,4,1,15,41,434,0,0,0,0,0.22538192,"1,0,0"
8.897815228,4,1,18,40,434,0,0,0.337161418,-0.112387139,0,"1,0,0"
8.921797276,4,1,22,40,432,0,0,0.448340158,0,-0.224170079,"1,0,0"
8.937834978,4,1,20,43,430,0,0,-0.223767837,0.335651755,-0.223767837,"1,0,0"
8.961810827,4,1,23,43,427,0,0,0.334753774,0,-0.334753774,"1,0,0"
8.977802753,4,2,20,44,426,0,0.111385829,-0.334157486,0.111385829,-0.111385829,"1,0,0"
9.001743555,4,1,24,47,425,0,-0.11108959,0.44435836,0.33326877,-0.11108959,"1,0,0"
9.025769234,4,1,22,49,425,0,0,-0.221587761,0.221587761,0,"1,0,0"
9.049712896,4,1,23,48,425,0,0,0.110500743,-0.110500743,0,"1,0,0"
9.065746307,4,1,21,49,423,0,0,-0.22061063,0.110305315,-0.22061063,"1,0,0"
9.089684486,4,1,26,50,421,0,0,0.550074099,0.11001482,-0.220029639,"1,0,0"
9.113715887,4,1,26,51,419,0,0,0,0.109724728,-0.219449457,"1,0,0"
9.1296978,4,1,27,52,418,0,0,0.109532651,0.109532651,-0.109532651,"1,0,0"
9.153681278,4,1,26,53,417,0,0,-0.109245665,0.109245665,-0.109245665,"1,0,0"
9.177628756,4,1,25,56,417,0,0,-0.108960607,0.326881821,0,"1,0,0"
9.193620443,4,1,27,56,416,0,0,0.217542155,0,-0.108771077,"1,0,0"
9.217601299,4,1,30,56,417,0,0,0.325464283,0,0.108488094,"1,0,0"
9.241595268,4,1,27,57,417,0,0,-0.32461928,0.108206427,0,"1,0,0"
9.28159523,4,1,29,57,417,0,0,0.2154802,0,0,"1,0,0"
9.30558157,4,1,29,57,417,0,0,0,0,0,"1,0,0"
9.321568727,4,1,28,57,417,0,0,-0.10727808,0,0,"1,0,0"
9.345515966,4,1,28,56,416,0,0,0,-0.107003188,-0.107003188,"1,0,0"
9.369532347,4,1,29,56,416,0,0,0.106728913,0,0,"1,0,0"
9.393483877,4,1,27,56,417,0,0,-0.21291355,0,0.106456775,"1,0,0"
9.40951395,4,1,27,56,417,0,0,0,0,0,"1,0,0"
9.433499813,4,1,27,57,417,0,0,0,0.106005196,0,"1,0,0"
9.455999851,4,1,29,56,416,0,0,0.211505925,-0.105752963,-0.105752963,"1,0,0"
9.4799366,4,1,27,56,417,0,0,-0.210971875,0,0.105485938,"1,0,0"
9.495929956,4,1,29,56,416,0,0,0.210616549,0,-0.105308275,"1,0,0"
9.519954443,4,1,30,56,416,0,0,0.105042519,0,0,"1,0,0"
9.543947458,4,1,27,54,415,0,0,-0.314335343,-0.209556895,-0.104778448,"1,0,0"
9.55992794,4,1,27,53,415,0,0,0,-0.104603299,0,"1,0,0"
9.580156326,4,1,28,53,415,0,0,0.10438243,0,0,"1,0,0"
9.604158163,4,1,29,54,414,0,0,0.104121567,0.104121567,-0.104121567,"1,0,0"
9.628143072,4,1,29,53,413,0,0,0,-0.103862187,-0.103862187,"1,0,0"
9.652182341,4,1,29,53,410,0,0,0,0,-0.310810539,"1,0,0"
9.668153763,4,1,31,55,408,0,0,0.206864728,0.206864728,-0.206864728,"1,0,0"
9.690351009,4,1,32,54,407,0,0,0.103195436,-0.103195436,-0.103195436,"1,0,0"
9.714335203,4,1,29,54,404,0,0,-0.308821956,0,-0.308821956,"1,0,0"
9.730333328,4,1,30,56,401,0,0,0.102771402,0.205542804,-0.308314207,"1,0,0"
9.754304886,4,1,31,57,399,0,0,0.102518838,0.102518838,-0.205037676,"1,0,0"
9.778291702,4,1,34,63,396,0,0,0.306802056,0.613604112,-0.306802056,"1,0,0"
9.802273989,4,1,34,65,395,0,0,0,0.204034289,-0.102017144,"1,0,0"
9.818321228,4,1,34,65,395,0,0,0,0,0,"1,0,0"
9.86577177,4,1,33,67,394,0,0,-0.101360545,0.202721089,-0.101360545,"1,0,0"
9.880260706,4,1,34,67,394,0,0,0.101211904,0,0,"1,0,0"
9.904274464,4,1,36,69,394,0,0,0.201933015,0.201933015,0,"1,0,0"
9.928223372,4,1,33,70,394,0,0,-0.302168866,0.100722955,0,"1,0,0"
9.944211006,4,1,36,71,392,0,0,0.301683059,0.10056102,-0.20112204,"1,0,0"
9.968194008,4,1,34,70,391,0,0,-0.20063815,-0.100319075,-0.100319075,"1,0,0"
9.984222889,4,1,36,71,392,0,0,0.200316041,0.10015802,0.10015802,"1,0,0"
10.03340793,4,1,36,70,392,0,0,0,-0.099667033,0,"1,0,0"
