time,Angle_Thigh,Angle_Calf,Presure_Front,Presure_Middle,Presure_Back,Angle_Thigh_D,Angle_Calf,Presure_Front_D,Presure_Middle_D,Presure_Back_D,label
0.777834415,0,-12,1,50,194,0,0,1.285620667,0,3.856862001,"1,0,0"
0.793823481,0,-12,1,45,210,0,0,0,-6.298629509,20.15561443,"1,0,0"
0.817810297,0,-11,0,49,230,0,1.222777463,-1.222777463,4.891109851,24.45554926,"1,0,0"
0.833796978,0,-11,1,40,246,0,0,1.199332723,-10.79399451,19.18932357,"1,0,0"
0.863417149,0,-10,0,31,256,0,1.158188718,-1.158188718,-10.42369846,11.58188718,"1,0,0"
0.879444838,0,-9,0,1,264,0,1.137080983,0,-34.11242948,9.09664786,"1,0,0"
0.903416872,-1,-9,1,1,273,-1.106908705,0,1.106908705,0,9.962178346,"1,0,0"
0.967346668,-3,-9,0,24,322,-2.067511127,0,-1.033755563,23.77637796,50.6540226,"1,0,0"
0.98817873,-3,-9,0,34,341,0,0,0,10.11962684,19.227291,"1,0,0"
1.012201309,-4,-9,1,32,364,-0.987945768,0,0.987945768,-1.975891536,22.72275267,"1,0,0"
1.028189182,-4,-9,0,26,387,0,0,-0.972583662,-5.835501971,22.36942422,"1,0,0"
1.052176476,-4,-9,1,30,406,0,0,0.950410908,3.801643634,18.05780726,"1,0,0"
1.076119423,-5,-9,0,25,426,-0.929264893,0,-0.929264893,-4.646324463,18.58529785,"1,0,0"
1.092105865,-5,-10,1,19,455,0,-0.915662146,0.915662146,-5.493972874,26.55420222,"1,0,0"
1.116130352,-5,-10,0,20,462,0,0,-0.895952698,0.895952698,6.271668885,"1,0,0"
1.14007473,-5,-11,0,20,450,0,-0.877135484,0,0,-10.52562581,"1,0,0"
1.163519621,-5,-11,0,19,431,0,0,0,-0.859461226,-16.3297633,"1,0,0"
1.179510355,-6,-11,4,22,405,-0.847809429,0,3.391237714,2.543428286,-22.04304514,"1,0,0"
1.203534126,-6,-12,0,26,363,0,-0.830886286,-3.323545143,3.323545143,-34.897224,"1,0,0"
1.243464231,-7,-13,2,53,249,-0.804204878,-0.804204878,1.608409755,21.71353169,-91.67935604,"1,0,0"
1.264712572,-7,-6,0,71,178,0,5.534854444,-1.581386984,14.23248286,-56.13923793,"1,0,0"
1.288697958,-7,-14,0,119,102,0,-6.207816153,0,37.24689692,-58.97425345,"1,0,0"
1.304685354,-7,-14,1,154,70,0,0,0.766468326,26.82639143,-24.52698645,"0,1,0"
1.328671217,-8,-14,2,208,52,-0.752631642,0,0.752631642,40.64210868,-13.54736956,"0,1,0"
1.352654934,-8,-14,18,232,32,0,0,11.82858954,17.74288431,-14.78573692,"0,1,0"
1.376673222,-9,-15,45,267,24,-0.726388793,-0.726388793,19.61249742,25.42360776,-5.811110345,"0,1,0"
1.392631531,-10,-15,97,309,10,-0.718065029,0,37.33938149,30.1587312,-10.0529104,"0,1,0"
1.416612864,-11,-15,145,328,0,-0.705909162,0,33.8836398,13.41227409,-7.059091624,"0,1,0"
1.440594196,-12,-15,197,343,0,-0.69415801,0,36.0962165,10.41237014,0,"0,1,0"
1.456586123,-12,-15,221,364,1,0,0,16.4768836,14.41727315,0.686536817,"0,1,0"
1.480569839,-13,-16,275,370,1,-0.675415623,-0.675415623,36.47244362,4.052493736,0,"0,1,0"
1.544935942,-16,-17,372,384,1,-1.941828084,-0.647276028,62.78577473,9.061864393,0,"0,1,0"
1.568920374,-17,-17,396,394,1,-0.637380977,0,15.29714344,6.373809765,0,"0,1,0"
1.584909916,-18,-17,410,404,2,-0.630950687,0,8.833309615,6.309506868,0.630950687,"0,1,0"
1.608891249,-19,-17,427,402,1,-0.62154605,0,10.56628284,-1.243092099,-0.62154605,"0,1,0"
1.624881029,-21,-17,417,429,1,-1.230859345,0,-6.154296727,16.61660116,0,"0,1,0"
1.711322784,-31,-11,275,34,0,-5.843432981,3.506059789,-82.97674833,-230.8156028,-0.584343298,"0,1,0"
1.73434782,-34,-8,401,3,0,-1.729756837,1.729756837,72.64978716,-17.87415398,0,"0,1,0"
1.77431941,-39,-3,8,0,6,-2.81798191,2.81798191,-221.4933781,-1.690789146,3.381578291,"0,1,0"
1.797015667,-41,-1,0,0,7,-1.112956351,1.112956351,-4.451825405,0,0.556478176,"0,0,1"
1.82220149,-43,0,0,0,6,-1.097573463,0.548786731,0,0,-0.548786731,"0,0,1"
1.838193655,-43,2,0,0,7,0,1.088024646,0,0,0.544012323,"0,0,1"
1.862177134,-42,3,0,0,7,0.537005842,0.537005842,0,0,0,"0,0,1"
1.902150631,-36,7,0,0,7,3.154324322,2.102882882,0,0,0,"0,0,1"
1.926094294,-32,8,0,0,6,2.076741525,0.519185381,0,0,-0.519185381,"0,0,1"
1.950079441,-27,9,0,0,6,2.563998109,0.512799622,0,0,0,"0,0,1"
1.96606946,-22,10,0,0,6,2.543145144,0.508629029,0,0,0,"0,0,1"
1.990051031,-18,10,0,0,5,2.009998707,0,0,0,-0.502499677,"0,0,1"
2.030023813,-7,9,0,0,5,5.418655647,-0.492605059,0,0,0,"0,0,1"
2.07122612,6,9,0,0,6,6.276475501,0,0,0,0.482805808,"0,0,1"
2.095209599,10,8,0,0,4,1.909116874,-0.477279219,0,0,-0.954558437,"0,0,1"
2.111200571,14,8,0,0,4,1.894656555,0,0,0,0,"0,0,1"
2.15912199,20,7,0,0,3,2.778907365,-0.463151227,0,0,-0.463151227,"0,0,1"
2.175117016,21,7,0,0,3,0.45974538,0,0,0,0,"0,0,1"
2.196725845,21,6,0,0,7,0,-0.455222941,0,0,1.820891764,"0,0,1"
2.220705748,20,6,0,0,5,-0.450307296,0,0,0,-0.900614592,"0,0,1"
2.260676861,16,5,2,0,382,-1.769381582,-0.442345395,0.884690791,0,166.7642141,"1,0,0"
2.284661293,15,4,2,0,407,-0.437701642,-0.437701642,0,0,10.94254106,"1,0,0"
2.30069232,14,4,2,0,443,-0.434651775,0,0,0,15.64746389,"1,0,0"
2.348618031,10,2,1,0,428,-1.703129222,-0.851564611,-0.425782306,0,-6.386734584,"1,0,0"
2.372604609,9,1,1,0,474,-0.421477728,-0.421477728,0,0,19.38797549,"1,0,0"
2.388634443,8,0,2,0,500,-0.418649242,-0.418649242,0.418649242,0,10.8848803,"1,0,0"
2.412612915,6,0,0,21,502,-0.828976744,0,-0.828976744,8.704255817,0.828976744,"1,0,0"
2.436596632,4,-1,0,72,480,-0.820817026,-0.410408513,0,20.93083415,-9.028987281,"1,0,0"
2.45257926,3,-2,3,98,446,-0.40773402,-0.40773402,1.223202059,10.60108451,-13.86295667,"1,0,0"
2.476569414,2,-3,1,106,389,-0.403784362,-0.403784362,-0.807568723,3.230274893,-23.01570861,"1,0,0"
2.532573223,0,-6,0,122,159,-0.789710632,-1.184565948,-0.394855316,6.317685054,-90.81672265,"1,0,0"
2.55776453,-1,-7,1,137,104,-0.390966404,-0.390966404,0.390966404,5.864496056,-21.50315221,"1,0,0"
2.581705809,-1,-8,67,151,77,0,-0.387340803,25.56449297,5.422771236,-10.45820167,"0,1,0"
2.621676922,-3,-10,170,209,49,-0.762870506,-0.762870506,39.28783106,22.12324467,-10.68018708,"0,1,0"
2.645660877,-4,-11,212,228,56,-0.377977393,-0.377977393,15.87505049,7.181570459,2.645841748,"0,1,0"
2.661650419,-5,-12,267,245,59,-0.375706739,-0.375706739,20.66387066,6.387014567,1.127120218,"0,1,0"
2.709617615,-7,-14,336,280,1,-0.738111529,-0.738111529,25.46484774,12.91695175,-21.40523433,"0,1,0"
2.730885267,-7,-14,355,294,0,0,0,6.957450841,5.126542725,-0.366181623,"0,1,0"
2.746913671,-8,-15,390,305,1,-0.364044932,-0.364044932,12.74157261,4.004494249,0.364044932,"0,1,0"
2.786846876,-11,-16,475,333,0,-1.076485409,-0.35882847,30.50041993,10.04719715,-0.35882847,"0,1,0"
2.817675352,-12,-16,505,345,1,-0.354902491,0,10.64707472,4.258829887,0.354902491,"0,1,0"
2.833678484,-14,-16,523,357,1,-0.705796374,0,6.352167369,4.234778246,0,"0,1,0"
2.857662678,-15,-16,536,366,1,-0.349936334,0,4.549172336,3.149427002,0,"0,1,0"
2.881645679,-16,-16,557,376,2,-0.347023927,0,7.287502468,3.47023927,0.347023927,"0,1,0"
2.897634506,-18,-16,570,380,3,-0.690218175,0,4.486418136,1.38043635,0.345109087,"0,1,0"
2.941693306,-22,-16,592,349,2,-1.359761057,0,7.478685815,-10.53814819,-0.339940264,"0,1,0"
2.965681076,-24,-15,588,326,2,-0.674381347,0.337190674,-1.348762695,-7.755385495,0,"0,1,0"
2.989676476,-26,-14,569,283,1,-0.668968705,0.334484352,-6.355202697,-14.38282716,-0.334484352,"0,1,0"
3.005619049,-29,-10,544,150,1,-0.998130485,1.330840647,-8.317754044,-44.25045151,0,"0,1,0"
3.02960372,-32,-8,532,14,1,-0.990228518,0.660152345,-3.96091407,-44.89035946,0,"0,1,0"
3.045547009,-35,-6,397,2,5,-0.98504472,0.65669648,-44.3270124,-3.94017888,1.31339296,"0,1,0"
3.07662344,-38,-4,136,0,7,-0.975094957,0.650063305,-84.83326124,-0.650063305,0.650063305,"0,1,0"
3.092613459,-40,-2,2,0,6,-0.646702223,0.646702223,-43.32904897,0,-0.323351112,"0,0,1"
3.116597176,-42,0,0,0,4,-0.641725538,0.641725538,-0.641725538,0,-0.641725538,"0,0,1"
3.132587433,-44,1,0,0,6,-0.638449857,0.319224929,0,0,0.638449857,"0,0,1"
3.156567812,-43,3,0,0,7,0.316799784,0.633599567,0,0,0.316799784,"0,0,1"
3.180551052,-42,5,0,0,6,0.314410926,0.628821851,0,0,-0.314410926,"0,0,1"
3.196541071,-40,6,0,0,7,0.625676303,0.312838152,0,0,0.312838152,"0,0,1"
3.221688032,-38,8,0,0,6,0.620792572,0.620792572,0,0,-0.310396286,"0,0,1"
3.237714529,-32,9,0,0,6,1.853159056,0.308859843,0,0,0,"0,0,1"
3.261660814,-28,9,0,0,7,1.226369089,0,0,0,0.306592272,"0,0,1"
3.285643339,-23,10,0,0,7,1.521771989,0.304354398,0,0,0,"0,0,1"
3.309626341,-18,10,0,0,7,1.510744563,0,0,0,0,"0,0,1"
3.325617552,-14,10,0,0,6,1.202784126,0,0,0,-0.300696031,"0,0,1"
3.349602461,-9,10,0,0,9,1.492714451,0,0,0,0.895628671,"0,0,1"
3.365591288,-3,10,0,0,7,1.782747662,0,0,0,-0.594249221,"0,0,1"
3.38957572,1,9,0,0,6,1.180088699,-0.295022175,0,0,-0.295022175,"0,0,1"
3.429832458,12,8,0,0,7,3.207153741,-0.291559431,0,0,0.291559431,"0,0,1"
3.4557693,16,7,0,0,6,1.157484673,-0.289371168,0,0,-0.289371168,"0,0,1"
3.471751928,19,6,0,0,6,0.86411704,-0.288039013,0,0,0,"0,0,1"
3.495702744,21,6,0,0,6,0.572131027,0,0,0,0,"0,0,1"
3.51169014,22,6,0,0,4,0.284763165,0,0,0,-0.569526331,"0,0,1"
3.543668985,22,5,0,0,4,0,-0.2821934,0,0,0,"0,0,1"
3.559660912,20,5,0,0,97,-0.561851269,0,0,0,26.126084,"1,0,0"
3.599680901,17,4,1,0,364,-0.833407205,-0.277802402,0.277802402,0,74.17324129,"1,0,0"
3.623615503,15,3,3,0,420,-0.551934939,-0.275967469,0.551934939,0,15.45417828,"1,0,0"
3.647602081,13,3,2,0,425,-0.548305422,0,-0.274152711,0,1.370763556,"1,0,0"
3.663591623,11,2,2,0,417,-0.545912374,-0.272956187,0,0,-2.183649496,"1,0,0"
3.687572956,9,1,4,0,434,-0.542362151,-0.271181075,0.542362151,0,4.610078283,"1,0,0"
3.711555719,8,0,2,0,471,-0.269428799,-0.269428799,-0.538857598,0,9.968865564,"1,0,0"
3.727579832,7,-1,1,38,476,-0.268270579,-0.268270579,-0.268270579,10.194282,1.341352895,"1,0,0"
3.751531124,4,-2,3,79,465,-0.799673494,-0.266557831,0.533115662,10.92887108,-2.932136143,"1,0,0"
3.775550604,3,-2,0,102,439,-0.264862031,0,-0.794586092,6.091826706,-6.886412799,"1,0,0"
3.791539192,2,-3,1,103,385,-0.263745131,-0.263745131,0.263745131,0.263745131,-14.24223706,"1,0,0"
3.815495729,1,-4,5,97,297,-0.262089141,-0.262089141,1.048356566,-1.572534849,-23.06384445,"1,0,0"
3.831478357,0,-5,14,92,206,-0.260995863,-0.260995863,2.348962766,-1.304979314,-23.75062352,"1,0,0"
3.863457203,0,-6,45,79,119,0,-0.258835532,8.023901488,-3.364861914,-22.51869127,"1,0,0"
3.879447699,-1,-8,111,96,96,-0.257768651,-0.515537302,17.01273097,4.382067067,-5.928678974,"0,1,0"
3.922697067,-3,-10,148,130,79,-0.509853289,-0.509853289,9.432285839,8.667505907,-4.333752953,"0,1,0"
3.946643829,-4,-12,187,136,77,-0.253379845,-0.506759689,9.881813938,1.520279067,-0.506759689,"0,1,0"
3.96263051,-4,-13,248,148,29,0,-0.252357619,15.39381475,3.028291426,-12.11316571,"0,1,0"
4.01059866,-5,-15,295,176,6,-0.249339334,-0.498678669,11.71894871,6.981501361,-5.734804689,"0,1,0"
4.04729104,-7,-17,362,212,0,-0.494157692,-0.494157692,16.55428269,8.894838459,-1.482473076,"0,1,0"
4.111203194,-11,-18,444,272,0,-0.97295118,-0.243237795,19.9454992,14.59426771,0,"0,1,0"
4.135185242,-12,-18,455,284,1,-0.241827135,0,2.660098486,2.901925621,0.241827135,"0,1,0"
4.151212931,-14,-18,475,304,0,-0.481786898,0,4.817868978,4.817868978,-0.240893449,"0,1,0"
4.172746897,-15,-19,491,309,0,-0.239650289,-0.239650289,3.834404625,1.198251445,0,"0,1,0"
4.196728706,-17,-19,504,315,0,-0.47656166,0,3.097650792,1.429684981,0,"0,1,0"
4.220710754,-18,-18,514,317,0,-0.23692692,0.23692692,2.369269202,0.47385384,0,"0,1,0"
4.284808159,-25,-16,497,373,0,-1.633678741,0.466765355,-3.967505515,13.06942993,0,"0,1,0"
4.303111076,-28,-14,449,261,0,-0.697170012,0.464780008,-11.15472019,-26.02768044,0,"0,1,0"
4.327095509,-31,-11,426,24,0,-0.693305704,0.693305704,-5.315343734,-54.77115066,0,"0,1,0"
4.347549915,-34,-9,329,7,0,-0.690043831,0.460029221,-22.31141721,-3.910248377,0,"0,1,0"
4.371528864,-36,-6,216,5,0,-0.457505843,0.686258765,-25.84908015,-0.457505843,0,"0,1,0"
4.395479918,-39,-3,14,0,0,-0.682519328,0.682519328,-45.95630143,-1.137532214,0,"0,0,1"
4.434258699,-44,1,0,0,0,-1.127584189,0.902067351,-3.15723573,0,0,"0,0,1"
4.450292587,-44,3,0,0,0,0,0.449408654,0,0,0,"0,0,1"
4.474270582,-43,5,0,0,0,0.223500117,0.447000235,0,0,0,"0,0,1"
4.498218298,-41,7,0,0,0,0.444620485,0.444620485,0,0,0,"0,0,1"
4.514242172,-38,8,0,0,0,0.664563372,0.221521124,0,0,0,"0,0,1"
4.538232327,-35,10,0,0,0,0.661050335,0.440700223,0,0,0,"0,0,1"
4.55740428,-30,11,0,0,0,1.097115747,0.219423149,0,0,0,"0,0,1"
4.597426891,-18,12,0,0,0,2.610155699,0.217512975,0,0,0,"0,0,1"
4.621412277,-13,11,0,0,0,1.081920352,-0.21638407,0,0,0,"0,0,1"
4.645387411,-8,11,0,0,0,1.076336494,0,0,0,0,"0,0,1"
4.669372082,-2,10,0,0,0,1.284969348,-0.214161558,0,0,0,"0,0,1"
4.685361862,3,10,0,0,1,1.067153434,0,0,0,0.213430687,"0,0,1"
4.709353209,8,9,0,0,3,1.061716923,-0.212343385,0,0,0.424686769,"0,0,1"
4.725299597,12,9,0,0,3,0.846507172,0,0,0,0,"0,0,1"
4.773266554,19,6,0,0,4,1.466500963,-0.628500413,0,0,0.209500138,"0,0,1"
4.79724741,20,6,0,0,4,0.208452872,0,0,0,0,"0,0,1"
4.813240051,20,5,0,0,7,0,-0.207760259,0,0,0.623280777,"0,0,1"
4.83722353,19,5,0,0,50,-0.206730161,0,0,0,8.889396931,"1,0,0"
4.853212833,17,4,0,0,257,-0.412098144,-0.206049072,0,0,42.65215788,"1,0,0"
4.87719655,16,3,0,0,291,-0.205035821,-0.205035821,0,0,6.971217922,"1,0,0"
4.901213408,16,2,0,0,325,0,-0.204031108,0,0,6.937057658,"1,0,0"
4.943029165,10,2,0,0,357,-1.213830588,0,0,0,6.473763138,"1,0,0"
4.959017515,8,1,1,0,370,-0.403305694,-0.201652847,0.201652847,0,2.62148701,"1,0,0"
4.983002424,7,0,4,0,422,-0.200682222,-0.200682222,0.602046667,0,10.43547556,"1,0,0"
5.006983995,5,-1,1,63,446,-0.39944206,-0.19972103,-0.59916309,12.58242488,4.793304716,"1,0,0"
5.022975683,4,-2,1,82,439,-0.199085176,-0.199085176,0,3.782618352,-1.393596235,"1,0,0"
5.048071146,3,-2,0,107,420,-0.198095465,0,-0.198095465,4.95238662,-3.763813831,"1,0,0"
5.064096451,2,-3,3,104,385,-0.197468593,-0.197468593,0.592405778,-0.592405778,-6.911400748,"1,0,0"
5.112066507,0,-6,4,65,281,-0.391231217,-0.586846825,0.195615608,-7.629008727,-20.34402327,"1,0,0"
5.13169837,-1,-7,4,61,188,-0.19486726,-0.19486726,0,-0.77946904,-18.12265517,"1,0,0"
5.155684233,-2,-8,16,71,113,-0.193960676,-0.193960676,2.327528114,1.939606762,-14.54705071,"1,0,0"
5.171673775,-2,-10,23,107,85,0,-0.386721995,1.353526983,6.960995911,-5.414107931,"1,0,0"
5.195657492,-3,-10,47,107,62,-0.192468422,0,4.619242134,0,-4.426773712,"0,1,0"
5.21967411,-4,-11,113,137,57,-0.191582842,-0.191582842,12.64446757,5.747485258,-0.95791421,"0,1,0"
5.243623257,-5,-13,187,154,56,-0.190707828,-0.381415655,14.11237924,3.242033069,-0.190707828,"0,1,0"
5.259614706,-6,-14,301,195,10,-0.190127995,-0.190127995,21.67459146,7.795247806,-8.745887783,"0,1,0"
5.2835989,-7,-14,364,211,3,-0.189264935,0,11.92369088,3.028238953,-1.324854542,"0,1,0"
5.307614565,-8,-15,396,250,3,-0.188408557,-0.188408557,6.029073816,7.347933714,0,"0,1,0"
5.323610544,-9,-16,425,295,1,-0.187842441,-0.187842441,5.447430791,8.452909849,-0.375684882,"0,1,0"
5.347801685,-10,-17,445,316,2,-0.186992723,-0.186992723,3.739854463,3.926847186,0.186992723,"0,1,0"
5.371795177,-11,-17,474,362,1,-0.186157507,0,5.398567712,8.563245336,-0.186157507,"0,1,0"
5.411768198,-15,-17,508,420,0,-0.739129958,0,6.282604642,10.71738439,-0.184782489,"0,1,0"
5.435590029,-17,-18,518,440,2,-0.367945336,-0.183972668,1.83972668,3.679453361,0.367945336,"0,1,0"
5.454732418,-19,-17,537,446,2,-0.366654099,0.183327049,3.48321394,1.099962297,0,"0,1,0"
5.478717566,-20,-17,545,435,2,-0.182524466,0,1.460195731,-2.00776913,0,"0,1,0"
5.49473834,-23,-16,540,406,1,-0.545976863,0.181992288,-0.909961438,-5.277776339,-0.181992288,"0,1,0"
5.51872611,-25,-15,520,322,0,-0.362402475,0.181201237,-3.624024748,-15.22090394,-0.181201237,"0,1,0"
5.542673349,-29,-12,471,263,0,-0.721673414,0.541255061,-8.840499324,-10.64468286,0,"0,1,0"
5.566659927,-32,-9,439,13,0,-0.538922808,0.538922808,-5.748509953,-44.91023401,0,"0,1,0"
5.583729982,-35,-7,237,6,0,-0.537275264,0.358183509,-36.17653444,-1.253642283,0,"0,1,0"
5.607755899,-38,-5,52,0,0,-0.534973357,0.356648905,-32.9900237,-1.069946714,0,"0,1,0"
5.623749495,-40,-4,0,0,0,-0.355634617,0.177817309,-9.246500053,0,0,"0,0,1"
5.647729635,-42,-2,0,0,0,-0.3541246,0.3541246,0,0,0,"0,0,1"
5.671712399,-43,0,0,0,0,-0.176313595,0.352627189,0,0,0,"0,0,1"
5.687701464,-42,1,0,0,0,0.175817948,0.175817948,0,0,0,"0,0,1"
5.711644411,-40,3,0,0,0,0.350161855,0.350161855,0,0,0,"0,0,1"
5.735627413,-37,4,0,0,0,0.523046527,0.174348842,0,0,0,"0,0,1"
5.75161767,-34,5,0,0,0,0.521592389,0.17386413,0,0,0,"0,0,1"
5.77560401,-30,6,0,0,0,0.692568257,0.173142064,0,0,0,"0,0,1"
5.798629284,-26,6,0,0,0,0.689818197,0,0,0,0,"0,0,1"
5.814616919,-22,6,0,0,0,0.687921501,0,0,0,0,"0,0,1"
5.83860445,-17,6,0,0,0,0.856369025,0,0,0,0,"0,0,1"
5.854593515,-13,6,0,0,0,0.683224205,0,0,0,0,"0,0,1"
5.919720173,3,5,0,0,0,2.70283046,-0.168926904,0,0,0,"0,0,1"
5.946655035,7,5,0,0,0,0.672647056,0,0,0,0,"0,0,1"
5.962649345,11,4,0,0,0,0.670842736,-0.167710684,0,0,0,"0,0,1"
5.982048512,14,4,0,0,4,0.501500447,0,0,0,0.668667262,"0,0,1"
6.00606823,16,4,0,0,5,0.33299655,0,0,0,0.166498275,"0,0,1"
6.030017376,18,4,0,0,5,0.331674003,0,0,0,0,"0,0,1"
6.054000616,19,3,0,0,5,0.165180029,-0.165180029,0,0,0,"0,0,1"
6.093975782,18,2,0,0,1,-0.164096484,-0.164096484,0,0,-0.656385936,"0,0,1"
6.115492105,16,2,0,0,113,-0.327038277,0,0,0,18.3141435,"1,0,0"
6.131524563,15,1,0,0,246,-0.163091575,-0.163091575,0,0,21.69117952,"1,0,0"
6.155468225,14,1,1,0,303,-0.162457178,0,0.162457178,0,9.260059172,"1,0,0"
6.179451227,14,0,3,0,380,0,-0.161826668,0.323653335,0,12.46065341,"1,0,0"
6.195482254,13,0,1,0,408,-0.161407935,0,-0.322815871,0,4.519422194,"1,0,0"
6.218708754,11,0,1,0,435,-0.321610173,0,0,0,4.34173734,"1,0,0"
6.266639471,8,-3,0,0,485,-0.478725482,-0.478725482,-0.159575161,0,7.97875803,"1,0,0"
6.282175541,6,-4,1,0,517,-0.31836105,-0.159180525,0.159180525,0,5.093776796,"1,0,0"
6.306201696,5,-5,2,2,522,-0.158574059,-0.158574059,0.158574059,0.317148118,0.792870295,"1,0,0"
6.322188139,5,-6,3,12,515,0,-0.158173085,0.158173085,1.581730847,-1.107211593,"1,0,0"
6.347246408,4,-7,4,23,500,-0.157548634,-0.157548634,0.157548634,1.733034972,-2.363229507,"1,0,0"
6.371229649,3,-9,2,34,475,-0.156955573,-0.313911146,-0.313911146,1.726511303,-3.923889324,"1,0,0"
6.387218475,2,-10,2,36,438,-0.156562673,-0.156562673,0,0.313125347,-5.792818915,"1,0,0"
6.430877686,1,-11,0,79,286,-0.15549977,-0.15549977,-0.31099954,6.686490103,-23.63596502,"1,0,0"
6.454865932,0,-12,0,120,180,-0.154921885,-0.154921885,0,6.3517973,-16.42171985,"1,0,0"
6.515429735,-3,-14,45,167,45,-0.460445454,-0.306963636,6.906681804,7.21364544,-20.72004541,"0,1,0"
6.540245056,-4,-14,171,160,10,-0.15289947,0,19.26533317,-1.070296287,-5.351481435,"0,1,0"
6.580215216,-7,-15,288,161,3,-0.45591214,-0.151970713,17.78057346,0.151970713,-1.063794993,"0,1,0"
6.64627409,-10,-17,379,206,1,-0.451380722,-0.300920482,13.69188191,6.770710836,-0.300920482,"0,1,0"
6.664122105,-11,-18,392,220,2,-0.150057275,-0.150057275,1.950744569,2.100801843,0.150057275,"0,1,0"
6.68814683,-13,-18,396,228,3,-0.299036497,0,0.598072994,1.196145988,0.149518249,"0,1,0"
6.702836752,-14,-19,400,239,1,-0.149190565,-0.149190565,0.596762259,1.641096212,-0.298381129,"0,1,0"
6.726824045,-15,-19,407,253,0,-0.148658564,0,1.040609945,2.08121989,-0.148658564,"0,1,0"
6.77483511,-19,-19,421,266,0,-0.590420274,0,2.066470958,1.91886589,0,"0,1,0"
6.815021753,-23,-18,417,284,0,-0.586938699,0.146734675,-0.586938699,2.641224144,0,"0,1,0"
6.840106964,-25,-16,386,282,0,-0.292393088,0.292393088,-4.53209287,-0.292393088,0,"0,1,0"
6.856063366,-28,-13,342,225,0,-0.437568885,0.437568885,-6.417676975,-8.313808808,0,"0,1,0"
6.880065203,-30,-11,345,7,0,-0.290694919,0.290694919,0.436042379,-31.68574622,0,"0,1,0"
6.896076441,-33,-8,355,5,0,-0.435029981,0.435029981,1.450099935,-0.290019987,0,"0,1,0"
6.936044216,-39,-4,0,0,0,-0.865046389,0.576697592,-51.18191132,-0.72087199,0,"0,0,1"
6.967988014,-41,-1,0,0,0,-0.2870269,0.43054035,0,0,0,"0,0,1"
6.983978987,-42,0,0,0,0,-0.143184852,0.143184852,0,0,0,"0,0,1"
7.007959366,-42,1,0,0,0,0,0.142694891,0,0,0,"0,0,1"
7.023948669,-41,2,0,0,0,0.142370061,0.142370061,0,0,0,"0,0,1"
7.047934771,-39,3,0,0,0,0.283771071,0.141885536,0,0,0,"0,0,1"
7.071916819,-36,5,0,0,0,0.424213134,0.282808756,0,0,0,"0,0,1"
7.135953903,-22,8,0,0,0,1.961896081,0.420406303,0,0,0,"0,0,1"
7.212333202,-2,8,0,0,0,2.773027734,0,0,0,0,"0,0,1"
7.235082865,2,7,0,0,0,0.552861671,-0.138215418,0,0,0,"0,0,1"
7.259062767,6,7,0,0,0,0.551035323,0,0,0,0,"0,0,1"
7.282527208,11,6,0,0,0,0.686574846,-0.137314969,0,0,0,"0,0,1"
7.33853364,21,5,0,0,2,1.36267005,-0.136267005,0,0,0.27253401,"0,0,1"
7.36297369,22,4,0,0,0,0.135814691,-0.135814691,0,0,-0.271629383,"0,0,1"
7.402945757,19,3,0,0,83,-0.405244088,-0.135081363,0,0,11.21175309,"1,0,0"
7.426892519,16,3,2,0,288,-0.403937447,0,0.269291631,0,27.60239218,"1,0,0"
7.450873613,16,2,0,0,278,0,-0.13421245,-0.268424899,0,-1.342124497,"1,0,0"
7.466862917,16,2,0,0,346,0,0,0,0,9.106903496,"1,0,0"
7.490875006,14,1,1,0,366,-0.266991506,-0.133495753,0.133495753,0,2.669915061,"1,0,0"
7.506839037,11,1,1,0,368,-0.399635584,0,0,0,0.266423722,"1,0,0"
7.530822754,10,0,1,0,396,-0.132787616,-0.132787616,0,0,3.718053248,"1,0,0"
7.554835081,9,-1,2,1,427,-0.132365563,-0.132365563,0.132365563,0.132365563,4.103332458,"1,0,0"
7.570795059,7,-3,4,70,437,-0.264173047,-0.264173047,0.264173047,9.113970126,1.320865236,"1,0,0"
7.594781637,6,-4,2,98,425,-0.131669355,-0.131669355,-0.26333871,3.686741942,-1.580032261,"1,0,0"
7.618764162,5,-5,1,88,379,-0.131254883,-0.131254883,-0.131254883,-1.312548832,-6.037724626,"1,0,0"
7.642745018,4,-6,0,85,314,-0.130843041,-0.130843041,-0.130843041,-0.392529123,-8.504797667,"1,0,0"
7.682043791,2,-8,0,97,145,-0.260347383,-0.260347383,0,1.5620843,-21.9993539,"1,0,0"
7.698034048,1,-9,0,120,106,-0.129903297,-0.129903297,0,2.987775821,-5.066228566,"1,0,0"
7.722021818,0,-10,2,124,77,-0.129499764,-0.129499764,0.258999527,0.517999054,-3.755493145,"1,0,0"
7.769985914,-1,-12,28,154,53,-0.128700362,-0.257400724,3.346209412,3.86101086,-3.088808688,"0,1,0"
7.785978079,-2,-13,88,207,46,-0.128436015,-0.128436015,7.706160921,6.807108813,-0.899052107,"0,1,0"
7.809961557,-3,-14,120,231,16,-0.128041603,-0.128041603,4.097331308,3.072998481,-3.841248101,"0,1,0"
7.833945274,-4,-15,149,263,11,-0.127649602,-0.127649602,3.701838471,4.084787279,-0.638248012,"0,1,0"
7.849933386,-5,-16,166,307,5,-0.127389616,-0.127389616,2.165623473,5.605143106,-0.764337696,"0,1,0"
7.873918533,-6,-17,174,325,2,-0.127001568,-0.127001568,1.016012544,2.286028224,-0.381004704,"0,1,0"
7.897899866,-7,-18,192,343,3,-0.126615938,-0.126615938,2.279086885,2.279086885,0.126615938,"0,1,0"
7.921884298,-8,-18,216,374,0,-0.126232593,0,3.029582243,3.913210397,-0.37869778,"0,1,0"
7.937875986,-9,-19,230,386,1,-0.125978285,-0.125978285,1.763695984,1.511739415,0.125978285,"0,1,0"
7.961859465,-10,-19,260,415,1,-0.125598801,0,3.767964021,3.64236522,0,"0,1,0"
7.977881908,-13,-19,276,441,1,-0.37603966,0,2.005544853,3.259010386,0,"0,1,0"
8.001835823,-14,-19,299,458,1,-0.124971322,0,2.874340402,2.124512471,0,"0,1,0"
8.025856018,-16,-19,321,464,1,-0.249194602,0,2.741140627,0.747583807,0,"0,1,0"
8.041806221,-17,-19,349,467,1,-0.124350174,0,3.481804862,0.373050521,0,"0,1,0"
8.06582737,-19,-18,364,450,1,-0.247959683,0.123979842,1.859697625,-2.107657308,0,"0,1,0"
8.089771509,-21,-18,371,405,0,-0.247225771,0,0.865290199,-5.562579851,-0.123612886,"0,1,0"
8.113757372,-21,-16,355,373,0,0,0.246494923,-1.971959385,-3.943918771,0,"0,1,0"
8.129783869,-28,-14,294,287,0,-0.8610315,0.246009,-7.503274501,-10.578387,0,"0,1,0"
8.153730869,-31,-12,230,109,0,-0.36792973,0.245286487,-7.849167581,-21.83049733,0,"0,1,0"
8.169761896,-34,-10,308,4,0,-0.367207764,0.244805176,9.547401869,-12.85227175,0,"0,1,0"
8.193737268,-36,-7,53,4,0,-0.244088861,0.366133292,-31.12132982,0,0,"0,1,0"
8.217720985,-38,-5,0,1,0,-0.243376479,0.243376479,-6.449476697,-0.365064719,0,"0,0,1"
8.241671801,-40,-2,0,0,0,-0.242669212,0.364003818,0,-0.121334606,0,"0,0,1"
8.257661819,-40,0,0,0,0,0,0.242199311,0,0,0,"0,0,1"
8.29767251,-38,2,0,0,0,0.241031446,0.241031446,0,0,0,"0,0,1"
8.321656704,-35,4,0,0,0,0.360505138,0.240336759,0,0,0,"0,0,1"
8.345641136,-32,5,0,0,0,0.359469087,0.119823029,0,0,0,"0,0,1"
8.365632296,-28,6,0,0,0,0.478146763,0.119536691,0,0,0,"0,0,1"
8.381582499,-24,7,0,0,0,0.477236846,0.119309212,0,0,0,"0,0,1"
8.405564547,-19,8,0,0,0,0.594844043,0.118968809,0,0,0,"0,0,1"
8.42955184,-15,8,0,0,0,0.474521075,0,0,0,0,"0,0,1"
8.469559431,-2,8,0,0,0,1.534908646,0,0,0,0,"0,0,1"
8.493507385,2,7,0,0,0,0.470947963,-0.117736991,0,0,0,"0,0,1"
8.509494543,7,7,0,0,0,0.587578965,0,0,0,0,"0,0,1"
8.533011198,11,6,0,0,0,0.468767696,-0.117191924,0,0,0,"0,0,1"
8.556995153,15,5,0,0,0,0.467453812,-0.116863453,0,0,0,"0,0,1"
8.581019402,18,5,0,0,0,0.349608812,0,0,0,0,"0,0,1"
8.596968412,20,4,0,0,0,0.232640148,-0.116320074,0,0,0,"0,0,1"
8.620998621,21,4,0,0,0,0.115995843,0,0,0,0,"0,0,1"
8.641043663,20,3,0,0,0,-0.115726762,-0.115726762,0,0,0,"0,0,1"
8.65703249,18,3,1,0,163,-0.231026048,0,0.115513024,0,18.82862288,"1,0,0"
8.681014538,16,2,0,0,299,-0.230387818,-0.115193909,-0.115193909,0,15.66637164,"1,0,0"
8.704998493,16,1,1,0,371,0,-0.114876528,0.114876528,0,8.27110999,"1,0,0"
8.744974613,13,1,1,0,384,-0.343054169,0,0,0,1.486568066,"1,0,0"
8.766513348,11,0,0,0,395,-0.228140872,-0.114070436,-0.114070436,0,1.254774796,"1,0,0"
8.790497541,9,-1,1,0,402,-0.227518407,-0.113759204,0.113759204,0,0.796314426,"1,0,0"
8.830471754,6,-4,1,58,413,-0.339732699,-0.339732699,0,6.568165509,1.245686562,"1,0,0"
8.849771976,5,-5,1,87,375,-0.112997262,-0.112997262,0,3.276920589,-4.293895945,"1,0,0"
8.873758078,5,-6,0,112,312,0,-0.112691826,-0.112691826,2.817295646,-7.099585029,"1,0,0"
8.88974452,4,-7,0,99,264,-0.112489172,-0.112489172,0,-1.462359235,-5.399480254,"1,0,0"
8.937712431,2,-9,0,98,133,-0.223770905,-0.223770905,0,-0.111885453,-14.65699428,"1,0,0"
8.961730957,2,-10,1,90,99,0,-0.111585586,0.111585586,-0.892684688,-3.793909922,"1,0,0"
9.017699718,0,-12,87,110,67,-0.22178605,-0.22178605,9.536800147,2.217860499,-3.548576799,"0,1,0"
9.037639141,-1,-12,145,128,53,-0.110648366,0,6.417605206,1.991670581,-1.549077119,"0,1,0"
9.061671257,-2,-13,171,177,21,-0.110354919,-0.110354919,2.869227901,5.407391044,-3.531357417,"0,1,0"
9.085613251,-3,-14,196,203,8,-0.110064117,-0.110064117,2.751602925,2.861667042,-1.430833521,"0,1,0"
9.124673605,-5,-15,230,238,3,-0.219185922,-0.109592961,3.726160679,3.835753641,-0.547964806,"0,1,0"
9.148667097,-6,-16,255,236,4,-0.10930554,-0.10930554,2.732638507,-0.218611081,0.10930554,"0,1,0"
9.188635111,-8,-17,292,286,2,-0.217660183,-0.108830092,4.026713386,5.441504576,-0.217660183,"0,1,0"
9.216866016,-10,-17,292,312,1,-0.216993498,0,0,2.820915478,-0.108496749,"0,1,0"
9.232897758,-11,-17,302,326,0,-0.108308358,0,1.083083585,1.516317018,-0.108308358,"0,1,0"
9.256879807,-12,-17,309,337,0,-0.108027761,0,0.756194327,1.188305372,0,"0,1,0"
9.296854019,-15,-18,328,340,0,-0.322689804,-0.107563268,2.043702091,0.322689804,0,"0,1,0"
9.316765547,-17,-18,341,342,0,-0.214666774,0,1.395334028,0.214666774,0,"0,1,0"
9.356780291,-21,-17,337,299,0,-0.427497481,0.10687437,-0.427497481,-4.595597916,0,"0,1,0"
9.38342309,-23,-15,313,283,0,-0.213141833,0.213141833,-2.557702,-1.705134666,0,"0,1,0"
9.407444715,-26,-14,268,225,0,-0.318896373,0.106298791,-4.783445597,-6.16532988,0,"0,1,0"
9.423438072,-29,-11,230,136,0,-0.318355146,0.318355146,-4.032498512,-9.444535988,0,"0,1,0"
9.447429419,-32,-8,253,6,0,-0.317546696,0.317546696,2.434524671,-13.76035684,0,"0,1,0"
9.463412523,-34,-6,123,3,0,-0.211340253,0.211340253,-13.73711647,-0.31701038,0,"0,1,0"
9.51133585,-38,-3,0,1,0,-0.42055081,0.315413108,-12.93193742,-0.210275405,0,"0,0,1"
9.533476591,-38,-1,0,0,0,0,0.209787057,0,-0.104893529,0,"0,0,1"
9.549507856,-38,0,0,0,0,0,0.104717438,0,0,0,"0,0,1"
9.573487759,-37,1,0,0,0,0.10445514,0.10445514,0,0,0,"0,0,1"
9.597433329,-34,3,0,0,0,0.312583573,0.208389049,0,0,0,"0,0,1"
9.621460676,-31,5,0,0,0,0.311802968,0.207868646,0,0,0,"0,0,1"
9.637449026,-27,6,0,0,0,0.415047591,0.103761898,0,0,0,"0,0,1"
9.682744503,-17,7,0,0,0,1.032765039,0.103276504,0,0,0,"0,0,1"
9.698736429,-13,6,0,0,0,0.412424859,-0.103106215,0,0,0,"0,0,1"
9.722720385,-8,6,0,0,0,0.514259364,0,0,0,0,"0,0,1"
9.746702433,-3,6,0,0,0,0.512994014,0,0,0,0,"0,0,1"
9.762691736,1,6,0,0,0,0.409723067,0,0,0,0,"0,0,1"
9.786677361,6,6,0,0,0,0.510898624,0,0,0,0,"0,0,1"
9.82665062,13,6,0,0,1,0.712348517,0,0,0,0.101764074,"0,0,1"
9.850165367,17,5,0,0,0,0.406084553,-0.101521138,0,0,-0.101521138,"0,0,1"
9.870711565,19,5,0,0,0,0.202619638,0,0,0,0,"0,0,1"
9.894654512,20,4,0,0,0,0.101064671,-0.101064671,0,0,0,"0,0,1"
9.910639286,20,4,0,0,0,0,0,0,0,0,"0,0,1"
9.934625626,19,4,0,0,0,-0.100658046,0,0,0,0,"0,0,1"